#{"t_start": 1712586980.9564188, "env_id": "MountainCarContinuous-v0"}
r,l,t
-1.296629,999,20.885319
92.821279,982,45.479005
