#{"t_start": 1712586980.9587657, "env_id": "MountainCarContinuous-v0"}
r,l,t
-1.734139,999,20.882972
94.563496,947,44.758774
