#{"t_start": 1712586980.9598317, "env_id": "MountainCarContinuous-v0"}
r,l,t
-1.982392,999,20.881906
-4.190223,999,46.196833
