#{"t_start": 1712586980.9608989, "env_id": "MountainCarContinuous-v0"}
r,l,t
-1.960282,999,20.880839
95.325911,806,42.149759
