#{"t_start": 1712586980.963075, "env_id": "MountainCarContinuous-v0"}
r,l,t
-1.438136,999,20.878663
96.758606,668,39.544696
