#{"t_start": 1712582940.8227282, "env_id": "MountainCarContinuous-v0"}
r,l,t
-1.282192,999,17.960922
92.627687,991,38.072597
-19.911938,999,65.803837
