#{"t_start": 1712582940.8247817, "env_id": "MountainCarContinuous-v0"}
r,l,t
-1.750942,999,17.958869
-5.293014,999,38.079538
-17.505074,999,65.81309
