#{"t_start": 1712586353.2265441, "env_id": "MountainCarContinuous-v0"}
r,l,t
-1.282192,999,24.340047
92.627687,991,45.263234
-19.911938,999,73.921234
