#{"t_start": 1712586353.2276206, "env_id": "MountainCarContinuous-v0"}
r,l,t
-1.750942,999,24.338971
-5.293014,999,45.278753
-17.505074,999,73.933264
