#{"t_start": 1712586579.8398132, "env_id": "MountainCarContinuous-v0"}
r,l,t
-1.248908,999,22.470556
92.879399,989,50.657494
-21.764404,999,75.663869
