#{"t_start": 1712586579.8409798, "env_id": "MountainCarContinuous-v0"}
r,l,t
-1.726027,999,22.469389
-5.313917,999,50.67593
92.670496,456,62.038058
86.130944,815,82.894506
