#{"t_start": 1712586579.8420422, "env_id": "MountainCarContinuous-v0"}
r,l,t
-1.916503,999,22.468327
96.230703,937,48.938007
-14.141815,999,74.183185
91.683144,341,82.90342
