#{"t_start": 1712586680.275609, "env_id": "MountainCarContinuous-v0"}
r,l,t
-1.296629,999,24.504365
92.821279,982,51.950486
