#{"t_start": 1712586680.2768376, "env_id": "MountainCarContinuous-v0"}
r,l,t
-1.734139,999,24.503136
94.563496,947,51.188538
