#{"t_start": 1712586680.2789752, "env_id": "MountainCarContinuous-v0"}
r,l,t
-1.982392,999,24.500999
-4.190223,999,52.79046
