#{"t_start": 1712586680.280194, "env_id": "MountainCarContinuous-v0"}
r,l,t
-1.960282,999,24.49978
95.325911,806,48.069774
