#{"t_start": 1712586680.2813282, "env_id": "MountainCarContinuous-v0"}
r,l,t
-1.438136,999,24.498646
96.758606,668,44.938075
