#{"t_start": 1712587577.9739456, "env_id": "MountainCarContinuous-v0"}
r,l,t
-1.296629,999,25.451547
92.821279,982,55.106162
