#{"t_start": 1712587577.9750748, "env_id": "MountainCarContinuous-v0"}
r,l,t
-1.734139,999,25.450418
94.563496,947,54.292634
