#{"t_start": 1712587577.9784315, "env_id": "MountainCarContinuous-v0"}
r,l,t
-1.982392,999,25.447061
-4.190223,999,55.876751
