#{"t_start": 1712587577.979587, "env_id": "MountainCarContinuous-v0"}
r,l,t
-1.960282,999,25.445905
95.325911,806,51.117481
