#{"t_start": 1712587577.9807, "env_id": "MountainCarContinuous-v0"}
r,l,t
-1.438136,999,25.444792
96.758606,668,47.775917
