#{"t_start": 1712582804.08313, "env_id": "MountainCarContinuous-v0"}
r,l,t
-1.282192,999,22.321069
92.627687,991,50.208879
-19.911938,999,80.851367
