#{"t_start": 1712582804.0841846, "env_id": "MountainCarContinuous-v0"}
r,l,t
-1.750942,999,22.321041
-5.293014,999,50.218978
-17.505074,999,80.862765
