#{"t_start": 1712586271.0049574, "env_id": "MountainCarContinuous-v0"}
r,l,t
-1.282192,999,24.035604
92.627687,991,46.401258
