#{"t_start": 1712586271.007211, "env_id": "MountainCarContinuous-v0"}
r,l,t
-1.750942,999,24.03335
-5.293014,999,46.420062
